Word,Frequency
email,854
cfont,757
ffont,725
free,672
business,420
report,372
grants,364
click,289
site,272
credit,260
broadcast,236
dqo,229
here,220
web,216
temple,211
home,189
insurance,184
content,179
life,167
toner,166
money,157
mail,152
aaaaaaaaaaaaaaaaaaaaaaaaaaaaaaaaaaaaaaaaaaaaaaaaaaaaaaaaaaaaaaaaaaaaaaaaaaaa,141
cartridge,140
order,139
mortgage,136
people,127
improvement,125
internet,125
enenkio,121
com,106
more,106
company,105
yni,102
weight,101
sales,98
program,96
new,95
decoration,94
islands,94
toners,90
usd,89
seventh,88
time,81
leads,80
awr,79
fax,79
para,79
addresses,78
job,78
listing,78
mini,77
kuxv,76
lose,76
account,75
domain,74
penis,74
price,74
market,73
judgments,72
debt,70
rate,68
transaction,67
tls,66
list,65
please,65
one,64
phone,64
cbyi,63
mba,63
want,63
aging,62
cbr,62
dvd,62
calling,60
real,60
stylus,60
banned,57
computer,57
course,56
bhz,55
maxaman,54
mso,53
viagra,53
dha,52
letter,52
warranty,52
marketing,51
name,51
online,51
rates,50
bulk,49
zvbnq,49
nextpart,47
china,46
database,46
ragga,46
website,46
dieting,45
odhrwoi,45
special,45
agent,44
bonus,44
fat,44
jepson,44
tivo,44
companies,43
compare,43
dagga,43
search,43
loan,42
number,42
sponsorship,42
euro,41
interest,41
make,40
none,40
abacha,39
kdqo,37
extended,36
mlm,36
names,36
uli,36
wdglvbj,35
satellite,34
service,34
veuve,34
card,33
find,33
vous,33
product,32
receive,32
zby,32
resume,31
adu,30
anyone,30
call,30
copy,30
download,30
paypal,30
send,30
sdram,29
address,28
currency,28
document,28
maintenance,28
statements,28
cash,27
ebay,27
government,27
topsites,27
dqogicagicagicagicagica,26
help,26
hgh,26
kia,26
ncg,26
nok,26
per,26
day,25
offer,25
privacy,25
amateurs,24
form,24
grant,24
locate,24
male,24
margin,24
snoring,24
green,23
legal,23
men,23
page,23
software,23
use,23
year,23
comwww,22
gaming,22
opt,22
products,22
snore,22
write,22
bluecom,21
degree,21
heah,21
info,21
million,21
pounds,21
records,21
security,21
windows,21
access,20
cdf,20
claim,20
country,20
cxin,20
danmark,20
film,20
gold,20
long,20
opportunity,20
pcs,20
roth,20
sos,20
story,20
audible,19
bsp,19
eda,19
interactive,19
investment,19
kathmandu,19
planning,19
stock,19
work,19
anti,18
anywhere,18
bank,18
bgu,18
conversion,18
data,18
full,18
ibxg,18
increased,18
month,18
usa,18
vehicles,18
cell,17
each,17
increase,17
loans,17
most,17
register,17
annuity,16
applications,16
bible,16
buy,16
conference,16
cyl,16
funds,16
low,16
systems,16
tell,16
travel,16
best,15
clients,15
credits,15
dental,15
digital,15
financial,15
information,15
motor,15
normal,15
ozs,15
palm,15
president,15
retail,15
selling,15
seminar,15
shopping,15
spam,15
system,15
udd,15
urd,15
week,15
accept,14
control,14
dream,14
flash,14
income,14
judicial,14
man,14
palmgear,14
recruiters,14
solution,14
tickets,14
trading,14
advertisers,13
casino,13
disclosure,13
jobgalleries,13
monitor,13
porn,13
smoker,13
watchdog,13
amateur,12
amnm,12
barrister,12
businesses,12
care,12
cmnw,12
contracts,12
driver,12
extra,12
female,12
foreign,12
guaranteed,12
hammer,12
imh,12
iswl,12
kicagicagica,12
live,12
loss,12
methods,12
michael,12
norton,12
paid,12
refinance,12
remember,12
rom,12
swiss,12
trial,12
women,12
cartridges,11
fee,11
ffffff,11
ipveecipv,11
los,11
media,11
monthly,11
preferred,11
remove,11
tax,11
tyw,11
vat,11
white,11
africa,10
agf,10
attract,10
avg,10
buddha,10
bvar,10
check,10
descrambler,10
different,10
distance,10
down,10
fund,10
growth,10
hotel,10
instant,10
listen,10
managers,10
master,10
pennies,10
possible,10
printer,10
save,10
services,10
sex,10
sle,10
standard,10
step,10
talent,10
tracking,10
udc,10
billion,9
bread,9
channels,9
confirmation,9
erhc,9
executive,9
fams,9
guild,9
hot,9
license,9
like,9
mall,9
memberships,9
mui,9
nciagicagicagica,9
north,9
ovd,9
pension,9
pgjypjxicj,9
policy,9
sun,9
tour,9
visit,9
xvcj,9
abh,8
administration,8
advance,8
alcohol,8
app,8
assistance,8
banner,8
benefit,8
benefits,8
big,8
breast,8
custom,8
dates,8
dollars,8
edic,8
electrical,8
euros,8
generic,8
gift,8
improves,8
lead,8
mailpound,8
nciagpg,8
needs,8
negative,8
njy,8
off,8
plans,8
points,8
remote,8
removed,8
reports,8
salve,8
secured,8
skin,8
solid,8
south,8
strategy,8
techniques,8
vfv,8
wpg,8
yellow,8
agencies,7
asset,7
auction,7
bathtub,7
citizen,7
discover,7
etc,7
exp,7
fixed,7
flat,7
hose,7
index,7
issue,7
juice,7
kabila,7
know,7
marine,7
monks,7
over,7
read,7
risk,7
scrollbar,7
shack,7
sondage,7
survey,7
take,7
term,7
tft,7
vacation,7
wireless,7
american,6
amount,6
back,6
bestcheapstuff,6
box,6
branch,6
britney,6
bulker,6
cable,6
carrier,6
contest,6
creamfields,6
damhsa,6
days,6
dhi,6
edn,6
emessaging,6
enhancement,6
estate,6
face,6
fdn,6
fier,6
foreclosure,6
high,6
inflation,6
ipogea,6
kit,6
liability,6
linux,6
log,6
many,6
mastercard,6
mcle,6
movies,6
news,6
offers,6
opportunities,6
owe,6
panel,6
personal,6
pgjypg,6
pgzvbnqgc,6
pictures,6
powerline,6
ppmg,6
private,6
protect,6
quicker,6
rossman,6
serious,6
sexual,6
simply,6
skillmap,6
somatotropin,6
son,6
study,6
superink,6
support,6
tek,6
towels,6
traderlist,6
visa,6
win,6
accounts,5
beach,5
beneficiary,5
bidstogo,5
bir,5
bplist,5
cards,5
clear,5
cost,5
dollar,5
don,5
drive,5
equipment,5
ford,5
gevalia,5
giveaway,5
husband,5
insight,5
les,5
level,5
love,5
loveimpact,5
making,5
medical,5
members,5
military,5
moving,5
next,5
nights,5
payment,5
provide,5
reg,5
removal,5
royalmeds,5
sites,5
soft,5
soleil,5
sur,5
technical,5
teeth,5
thermal,5
tours,5
treasury,5
trust,5
upside,5
uybykxgwktq,5
video,5
zic,5
adus,4
agents,4
airfare,4
ano,4
approved,4
asian,4
beautiful,4
behavior,4
bigger,4
brand,4
browserver,4
camba,4
city,4
colleagues,4
commission,4
department,4
diploma,4
downline,4
earned,4
emm,4
engines,4
esteemed,4
even,4
express,4
farm,4
first,4
focus,4
former,4
foundmoney,4
frames,4
fuller,4
fully,4
gas,4
groups,4
hizli,4
horse,4
hunza,4
included,4
indian,4
inkjetvilla,4
judgements,4
klipler,4
learn,4
lenders,4
little,4
looking,4
lowest,4
maxim,4
merchant,4
mind,4
nasty,4
nbs,4
neotropin,4
nigeria,4
parent,4
pay,4
pills,4
power,4
prepaid,4
prescriptions,4
professional,4
programmed,4
publish,4
really,4
refill,4
savings,4
seminars,4
ship,4
signups,4
sinirsiz,4
social,4
something,4
specialists,4
systemworks,4
targeted,4
teen,4
truetype,4
unbeatable,4
watch,4
zptlq,4
abaf,3
accessories,3
acting,3
advertise,3
application,3
article,3
biker,3
caught,3
celebrity,3
colon,3
contact,3
dbffe,3
deals,3
debts,3
design,3
destinations,3
dinheiro,3
drugs,3
edrugsource,3
employee,3
enter,3
experience,3
extreme,3
family,3
fast,3
freightmart,3
ganhe,3
hedge,3
hosting,3
juiceman,3
laxpress,3
lift,3
limited,3
magazine,3
magical,3
manufacturing,3
much,3
naked,3
natural,3
never,3
niagara,3
night,3
nude,3
officer,3
opposite,3
outros,3
passwords,3
phones,3
prosextra,3
reliae,3
repair,3
sale,3
sculpture,3
see,3
self,3
short,3
showstatusbar,3
sir,3
spillover,3
spray,3
telemarketers,3
turkey,3
ucbhbglnbj,3
ugew,3
urgent,3
uye,3
abe,2
adp,2
aew,2
albmler,2
andrea,2
animal,2
appointment,2
approval,2
bad,2
based,2
booster,2
breasts,2
cdovl,2
come,2
congratulations,2
coupon,2
daab,2
deal,2
deserve,2
double,2
easy,2
eliminate,2
engine,2
erections,2
fallen,2
features,2
florida,2
formula,2
fortune,2
found,2
freedom,2
friend,2
genealogy,2
gerek,2
ginger,2
goodbye,2
gzg,2
hard,2
hey,2
hilarious,2
hotties,2
ilug,2
individuals,2
isp,2
justice,2
kaw,2
knickers,2
lates,2
latina,2
luke,2
mailing,2
meatdemons,2
meet,2
member,2
microsoft,2
milfs,2
min,2
minutes,2
movie,2
muscle,2
myboundary,2
mydiscountsoftware,2
need,2
net,2
nice,2
obtain,2
oil,2
perfect,2
poor,2
rape,2
receiving,2
saudi,2
say,2
septic,2
setting,2
show,2
signed,2
taxes,2
timeshare,2
tired,2
titties,2
top,2
uamnoaw,2
ugy,2
unsubscribe,2
ura,2
vawry,2
verified,2
wassup,2
webcam,2
weekly,2
won,2
years,2
